{
  "whisper:tiny": {
    "wer": 55.85952380952381,
    "cer": 22.425386827499675,
    "mer": 47.40880771275508,
    "wil": 63.04108675201841,
    "bleu": 32.280570382030646,
    "bleu_1": 53.99134403608088,
    "bleu_2": 37.838558010616836,
    "bleu_3": 27.511336620895445,
    "bleu_4": 20.81401098901099,
    "rouge1_f": 0.6154290981913646,
    "rouge1_p": 0.6060794974719124,
    "rouge1_r": 0.6304310866292291,
    "rouge2_f": 0.44403198979347336,
    "rouge2_p": 0.4361821588284437,
    "rouge2_r": 0.45544032274914625,
    "rougeL_f": 0.6131195552883975,
    "rougeL_p": 0.60369854509096,
    "rougeL_r": 0.6281886623868048,
    "avg_inference_time": 0.595971565246582,
    "total_inference_time": 29.7985782623291,
    "successful_transcriptions": 50,
    "failed_transcriptions": 0,
    "success_rate": 100.0
  },
  "whisper:base": {
    "wer": 31.669616494616495,
    "cer": 11.09826173384614,
    "mer": 28.8807796778385,
    "wil": 42.60363966492718,
    "bleu": 51.4771455214801,
    "bleu_1": 72.22043201896143,
    "bleu_2": 56.553102453102454,
    "bleu_3": 45.99552392052392,
    "bleu_4": 37.564851814851814,
    "rouge1_f": 0.7729262499516208,
    "rouge1_p": 0.7717289344642286,
    "rouge1_r": 0.7774600604933423,
    "rouge2_f": 0.6135137480611321,
    "rouge2_p": 0.6117632718159034,
    "rouge2_r": 0.6170722904546434,
    "rougeL_f": 0.7690390281461695,
    "rougeL_p": 0.7677083716936659,
    "rougeL_r": 0.7736791747124565,
    "avg_inference_time": 0.9033773422241211,
    "total_inference_time": 45.168867111206055,
    "successful_transcriptions": 50,
    "failed_transcriptions": 0,
    "success_rate": 100.0
  },
  "whisper:small": {
    "wer": 18.975419025419026,
    "cer": 5.717179673537175,
    "mer": 17.861521648286356,
    "wil": 27.621372111017145,
    "bleu": 70.12920315320905,
    "bleu_1": 82.65352164175694,
    "bleu_2": 73.95616197527961,
    "bleu_3": 65.94879842379842,
    "bleu_4": 59.36385003885004,
    "rouge1_f": 0.8770383973242301,
    "rouge1_p": 0.8721656595898082,
    "rouge1_r": 0.8844479851074278,
    "rouge2_f": 0.7964256617515078,
    "rouge2_p": 0.7903828856042479,
    "rouge2_r": 0.8047222222222223,
    "rougeL_f": 0.8770383973242301,
    "rougeL_p": 0.8721656595898082,
    "rougeL_r": 0.8844479851074278,
    "avg_inference_time": 2.5601801967620847,
    "total_inference_time": 128.00900983810425,
    "successful_transcriptions": 50,
    "failed_transcriptions": 0,
    "success_rate": 100.0
  }
}