{
  "whisper:tiny": {
    "wer": 55.85952380952381,
    "cer": 22.425386827499675,
    "mer": 47.40880771275508,
    "wil": 63.04108675201841,
    "bleu": 32.280570382030646,
    "bleu_1": 53.99134403608088,
    "bleu_2": 37.838558010616836,
    "bleu_3": 27.511336620895445,
    "bleu_4": 20.81401098901099,
    "rouge1_f": 0.6154290981913646,
    "rouge1_p": 0.6060794974719124,
    "rouge1_r": 0.6304310866292291,
    "rouge2_f": 0.44403198979347336,
    "rouge2_p": 0.4361821588284437,
    "rouge2_r": 0.45544032274914625,
    "rougeL_f": 0.6131195552883975,
    "rougeL_p": 0.60369854509096,
    "rougeL_r": 0.6281886623868048,
    "avg_inference_time": 0.595971565246582,
    "total_inference_time": 29.7985782623291,
    "successful_transcriptions": 50,
    "failed_transcriptions": 0,
    "success_rate": 100.0
  },
  "whisper:base": {
    "wer": 31.669616494616495,
    "cer": 11.09826173384614,
    "mer": 28.8807796778385,
    "wil": 42.60363966492718,
    "bleu": 51.4771455214801,
    "bleu_1": 72.22043201896143,
    "bleu_2": 56.553102453102454,
    "bleu_3": 45.99552392052392,
    "bleu_4": 37.564851814851814,
    "rouge1_f": 0.7729262499516208,
    "rouge1_p": 0.7717289344642286,
    "rouge1_r": 0.7774600604933423,
    "rouge2_f": 0.6135137480611321,
    "rouge2_p": 0.6117632718159034,
    "rouge2_r": 0.6170722904546434,
    "rougeL_f": 0.7690390281461695,
    "rougeL_p": 0.7677083716936659,
    "rougeL_r": 0.7736791747124565,
    "avg_inference_time": 0.9033773422241211,
    "total_inference_time": 45.168867111206055,
    "successful_transcriptions": 50,
    "failed_transcriptions": 0,
    "success_rate": 100.0
  },
  "whisper:small": {
    "wer": 18.975419025419026,
    "cer": 5.717179673537175,
    "mer": 17.861521648286356,
    "wil": 27.621372111017145,
    "bleu": 70.12920315320905,
    "bleu_1": 82.65352164175694,
    "bleu_2": 73.95616197527961,
    "bleu_3": 65.94879842379842,
    "bleu_4": 59.36385003885004,
    "rouge1_f": 0.8770383973242301,
    "rouge1_p": 0.8721656595898082,
    "rouge1_r": 0.8844479851074278,
    "rouge2_f": 0.7964256617515078,
    "rouge2_p": 0.7903828856042479,
    "rouge2_r": 0.8047222222222223,
    "rougeL_f": 0.8770383973242301,
    "rougeL_p": 0.8721656595898082,
    "rougeL_r": 0.8844479851074278,
    "avg_inference_time": 2.5601801967620847,
    "total_inference_time": 128.00900983810425,
    "successful_transcriptions": 50,
    "failed_transcriptions": 0,
    "success_rate": 100.0
  },
  "whisper:medium": {
    "wer": 10.990873015873017,
    "cer": 3.0128591091736157,
    "mer": 10.594938884644767,
    "wil": 17.126627668323223,
    "bleu": 79.96706532247454,
    "bleu_1": 89.40506111535524,
    "bleu_2": 83.18486072750778,
    "bleu_3": 76.1097374847375,
    "bleu_4": 68.4191156066156,
    "rouge1_f": 0.939494528252583,
    "rouge1_p": 0.941102453102453,
    "rouge1_r": 0.9390465490821528,
    "rouge2_f": 0.8890709769002452,
    "rouge2_p": 0.8889150392091568,
    "rouge2_r": 0.8898318903318904,
    "rougeL_f": 0.939494528252583,
    "rougeL_p": 0.941102453102453,
    "rougeL_r": 0.9390465490821528,
    "avg_inference_time": 13.653373937606812,
    "total_inference_time": 682.6686968803406,
    "successful_transcriptions": 50,
    "failed_transcriptions": 0,
    "success_rate": 100.0
  },
  "wav2vec2:xlsr-53-french": {
    "wer": 21.442787767787767,
    "cer": 5.784760288050783,
    "mer": 20.65861638361638,
    "wil": 31.468294947196465,
    "bleu": 65.09674822349697,
    "bleu_1": 80.60631035631036,
    "bleu_2": 71.50821400821401,
    "bleu_3": 61.40894660894661,
    "bleu_4": 51.6985902985903,
    "rouge1_f": 0.8550729993994629,
    "rouge1_p": 0.858591454812817,
    "rouge1_r": 0.8544885580535735,
    "rouge2_f": 0.7739255109197727,
    "rouge2_p": 0.7764016849163907,
    "rouge2_r": 0.7740637254901961,
    "rougeL_f": 0.8550729993994629,
    "rougeL_p": 0.858591454812817,
    "rougeL_r": 0.8544885580535735,
    "avg_inference_time": 2.8330136346817016,
    "total_inference_time": 141.65068173408508,
    "successful_transcriptions": 50,
    "failed_transcriptions": 0,
    "success_rate": 100.0
  },
  "wav2vec2:bhuang-french": {
    "wer": 10.267216117216117,
    "cer": 2.2289035548240066,
    "mer": 9.984099234099235,
    "wil": 16.30008810193334,
    "bleu": 81.35619289094802,
    "bleu_1": 90.62182262182263,
    "bleu_2": 85.519761937409,
    "bleu_3": 78.07485014985015,
    "bleu_4": 70.75334387834387,
    "rouge1_f": 0.9459874050274603,
    "rouge1_p": 0.9498109782374488,
    "rouge1_r": 0.9428553371293309,
    "rouge2_f": 0.9146011677193354,
    "rouge2_p": 0.9185466869731576,
    "rouge2_r": 0.9113968253968254,
    "rougeL_f": 0.9459874050274603,
    "rougeL_p": 0.9498109782374488,
    "rougeL_r": 0.9428553371293309,
    "avg_inference_time": 2.3589870977401732,
    "total_inference_time": 117.94935488700867,
    "successful_transcriptions": 50,
    "failed_transcriptions": 0,
    "success_rate": 100.0
  },
  "whisper:large": {
    "wer": 11.644107924595728,
    "cer": 3.3766929448189855,
    "mer": 11.305354537061854,
    "wil": 18.13717818632721,
    "bleu": 79.06450444506933,
    "bleu_1": 89.37699157211352,
    "bleu_2": 82.65996676685343,
    "bleu_3": 75.32583270388149,
    "bleu_4": 69.05487466463076,
    "rouge1_f": 0.930021479240942,
    "rouge1_p": 0.9335111405412697,
    "rouge1_r": 0.9290927942404194,
    "rouge2_f": 0.87294301783709,
    "rouge2_p": 0.8740816134288157,
    "rouge2_r": 0.873333509309119,
    "rougeL_f": 0.930021479240942,
    "rougeL_p": 0.9335111405412697,
    "rougeL_r": 0.9290927942404194,
    "avg_inference_time": 15.478652558675627,
    "total_inference_time": 634.6247549057007,
    "successful_transcriptions": 41,
    "failed_transcriptions": 9,
    "success_rate": 82.0
  },
  "whisper:large-v3": {
    "wer": 10.019444444444444,
    "cer": 2.1781933872016825,
    "mer": 9.313239538239538,
    "wil": 15.041757720344028,
    "bleu": 82.72721614911242,
    "bleu_1": 90.68676046176046,
    "bleu_2": 85.62239819004525,
    "bleu_3": 79.19911477411478,
    "bleu_4": 71.8964035964036,
    "rouge1_f": 0.9490006231237406,
    "rouge1_p": 0.9493570318570319,
    "rouge1_r": 0.949111908559277,
    "rouge2_f": 0.9113717436716001,
    "rouge2_p": 0.9118617689500043,
    "rouge2_r": 0.9113001443001443,
    "rougeL_f": 0.9490006231237406,
    "rougeL_p": 0.9493570318570319,
    "rougeL_r": 0.949111908559277,
    "avg_inference_time": 11.080504689216614,
    "total_inference_time": 554.0252344608307,
    "successful_transcriptions": 50,
    "failed_transcriptions": 0,
    "success_rate": 100.0
  },
  "wav2vec2:jonatasgrosman-xlsr": {
    "wer": 15.863716838716838,
    "cer": 3.8600923215061607,
    "mer": 15.547735597735597,
    "wil": 24.36986818531597,
    "bleu": 72.85485612742953,
    "bleu_1": 86.21114441114442,
    "bleu_2": 78.36967150496562,
    "bleu_3": 68.88648018648018,
    "bleu_4": 61.269566544566544,
    "rouge1_f": 0.897993523090284,
    "rouge1_p": 0.9073537235038783,
    "rouge1_r": 0.8906648458180966,
    "rouge2_f": 0.8365529088789644,
    "rouge2_p": 0.844685298361769,
    "rouge2_r": 0.8305854341736695,
    "rougeL_f": 0.897993523090284,
    "rougeL_p": 0.9073537235038783,
    "rougeL_r": 0.8906648458180966,
    "avg_inference_time": 0.9356054067611694,
    "total_inference_time": 46.78027033805847,
    "successful_transcriptions": 50,
    "failed_transcriptions": 0,
    "success_rate": 100.0
  },
  "wav2vec2:jonatasgrosman-voxpopuli": {
    "wer": 16.431055056055058,
    "cer": 4.2374231224849765,
    "mer": 16.311574536574536,
    "wil": 25.366508413728173,
    "bleu": 70.66395704319908,
    "bleu_1": 85.85576923076924,
    "bleu_2": 77.26052117816823,
    "bleu_3": 67.48697691197691,
    "bleu_4": 57.91654456654456,
    "rouge1_f": 0.8825649391004897,
    "rouge1_p": 0.8930371801401213,
    "rouge1_r": 0.8747132357666413,
    "rouge2_f": 0.8124099929059889,
    "rouge2_p": 0.821422632922633,
    "rouge2_r": 0.8057643467643467,