{
  "whisper:medium": {
    "wer": 10.990873015873017,
    "cer": 3.0128591091736157,
    "mer": 10.594938884644767,
    "wil": 17.126627668323223,
    "bleu": 79.96706532247454,
    "bleu_1": 89.40506111535524,
    "bleu_2": 83.18486072750778,
    "bleu_3": 76.1097374847375,
    "bleu_4": 68.4191156066156,
    "rouge1_f": 0.939494528252583,
    "rouge1_p": 0.941102453102453,
    "rouge1_r": 0.9390465490821528,
    "rouge2_f": 0.8890709769002452,
    "rouge2_p": 0.8889150392091568,
    "rouge2_r": 0.8898318903318904,
    "rougeL_f": 0.939494528252583,
    "rougeL_p": 0.941102453102453,
    "rougeL_r": 0.9390465490821528,
    "avg_inference_time": 13.653373937606812,
    "total_inference_time": 682.6686968803406,
    "successful_transcriptions": 50,
    "failed_transcriptions": 0,
    "success_rate": 100.0
  },
  "wav2vec2:xlsr-53-french": {
    "wer": 21.442787767787767,
    "cer": 5.784760288050783,
    "mer": 20.65861638361638,
    "wil": 31.468294947196465,
    "bleu": 65.09674822349697,
    "bleu_1": 80.60631035631036,
    "bleu_2": 71.50821400821401,
    "bleu_3": 61.40894660894661,
    "bleu_4": 51.6985902985903,
    "rouge1_f": 0.8550729993994629,
    "rouge1_p": 0.858591454812817,
    "rouge1_r": 0.8544885580535735,
    "rouge2_f": 0.7739255109197727,
    "rouge2_p": 0.7764016849163907,
    "rouge2_r": 0.7740637254901961,
    "rougeL_f": 0.8550729993994629,
    "rougeL_p": 0.858591454812817,
    "rougeL_r": 0.8544885580535735,
    "avg_inference_time": 2.8330136346817016,
    "total_inference_time": 141.65068173408508,
    "successful_transcriptions": 50,
    "failed_transcriptions": 0,
    "success_rate": 100.0
  },
  "wav2vec2:bhuang-french": {
    "wer": 10.267216117216117,
    "cer": 2.2289035548240066,
    "mer": 9.984099234099235,
    "wil": 16.30008810193334,
    "bleu": 81.35619289094802,
    "bleu_1": 90.62182262182263,
    "bleu_2": 85.519761937409,
    "bleu_3": 78.07485014985015,
    "bleu_4": 70.75334387834387,
    "rouge1_f": 0.9459874050274603,
    "rouge1_p": 0.9498109782374488,
    "rouge1_r": 0.9428553371293309,
    "rouge2_f": 0.9146011677193354,
    "rouge2_p": 0.9185466869731576,
    "rouge2_r": 0.9113968253968254,
    "rougeL_f": 0.9459874050274603,
    "rougeL_p": 0.9498109782374488,
    "rougeL_r": 0.9428553371293309,
    "avg_inference_time": 2.3589870977401732,
    "total_inference_time": 117.94935488700867,
    "successful_transcriptions": 50,
    "failed_transcriptions": 0,
    "success_rate": 100.0
  }
}