{
  "gemma3n:e2b": {
    "wer": 131.38726919339166,
    "cer": 116.751566094553,
    "mer": 99.09297052154196,
    "wil": 99.85152791275242,
    "bleu": 0.43063657405836064,
    "bleu_1": 1.3605442176870746,
    "bleu_2": 0.6377551020408163,
    "bleu_3": 0.3644314868804665,
    "bleu_4": 0.21258503401360546,
    "rouge1_f": 0.014105844357945197,
    "rouge1_p": 0.015873015873015872,
    "rouge1_r": 0.013086120228977371,
    "rouge2_f": 0.0,
    "rouge2_p": 0.0,
    "rouge2_r": 0.0,
    "rougeL_f": 0.014105844357945197,
    "rougeL_p": 0.015873015873015872,
    "rougeL_r": 0.013086120228977371,
    "avg_inference_time": 0.11490818432399205,
    "total_inference_time": 5.63050103187561,
    "successful_transcriptions": 49,
    "failed_transcriptions": 1,
    "success_rate": 98.0
  }
}