{
  "whisper:large": {
    "wer": 11.644107924595728,
    "cer": 3.3766929448189855,
    "mer": 11.305354537061854,
    "wil": 18.13717818632721,
    "bleu": 79.06450444506933,
    "bleu_1": 89.37699157211352,
    "bleu_2": 82.65996676685343,
    "bleu_3": 75.32583270388149,
    "bleu_4": 69.05487466463076,
    "rouge1_f": 0.930021479240942,
    "rouge1_p": 0.9335111405412697,
    "rouge1_r": 0.9290927942404194,
    "rouge2_f": 0.87294301783709,
    "rouge2_p": 0.8740816134288157,
    "rouge2_r": 0.873333509309119,
    "rougeL_f": 0.930021479240942,
    "rougeL_p": 0.9335111405412697,
    "rougeL_r": 0.9290927942404194,
    "avg_inference_time": 15.478652558675627,
    "total_inference_time": 634.6247549057007,
    "successful_transcriptions": 41,
    "failed_transcriptions": 9,
    "success_rate": 82.0
  },
  "whisper:large-v3": {
    "wer": 10.019444444444444,
    "cer": 2.1781933872016825,
    "mer": 9.313239538239538,
    "wil": 15.041757720344028,
    "bleu": 82.72721614911242,
    "bleu_1": 90.68676046176046,
    "bleu_2": 85.62239819004525,
    "bleu_3": 79.19911477411478,
    "bleu_4": 71.8964035964036,
    "rouge1_f": 0.9490006231237406,
    "rouge1_p": 0.9493570318570319,
    "rouge1_r": 0.949111908559277,
    "rouge2_f": 0.9113717436716001,
    "rouge2_p": 0.9118617689500043,
    "rouge2_r": 0.9113001443001443,
    "rougeL_f": 0.9490006231237406,
    "rougeL_p": 0.9493570318570319,
    "rougeL_r": 0.949111908559277,
    "avg_inference_time": 11.080504689216614,
    "total_inference_time": 554.0252344608307,
    "successful_transcriptions": 50,
    "failed_transcriptions": 0,
    "success_rate": 100.0
  }
}