{
  "wav2vec2:jonatasgrosman-xlsr": {
    "wer": 15.863716838716838,
    "cer": 3.8600923215061607,
    "mer": 15.547735597735597,
    "wil": 24.36986818531597,
    "bleu": 72.85485612742953,
    "bleu_1": 86.21114441114442,
    "bleu_2": 78.36967150496562,
    "bleu_3": 68.88648018648018,
    "bleu_4": 61.269566544566544,
    "rouge1_f": 0.897993523090284,
    "rouge1_p": 0.9073537235038783,
    "rouge1_r": 0.8906648458180966,
    "rouge2_f": 0.8365529088789644,
    "rouge2_p": 0.844685298361769,
    "rouge2_r": 0.8305854341736695,
    "rougeL_f": 0.897993523090284,
    "rougeL_p": 0.9073537235038783,
    "rougeL_r": 0.8906648458180966,
    "avg_inference_time": 0.9356054067611694,
    "total_inference_time": 46.78027033805847,
    "successful_transcriptions": 50,
    "failed_transcriptions": 0,
    "success_rate": 100.0
  },
  "wav2vec2:jonatasgrosman-voxpopuli": {
    "wer": 16.431055056055058,
    "cer": 4.2374231224849765,
    "mer": 16.311574536574536,
    "wil": 25.366508413728173,
    "bleu": 70.66395704319908,
    "bleu_1": 85.85576923076924,
    "bleu_2": 77.26052117816823,
    "bleu_3": 67.48697691197691,
    "bleu_4": 57.91654456654456,
    "rouge1_f": 0.8825649391004897,
    "rouge1_p": 0.8930371801401213,
    "rouge1_r": 0.8747132357666413,
    "rouge2_f": 0.8124099929059889,
    "rouge2_p": 0.821422632922633,
    "rouge2_r": 0.8057643467643467,
    "rougeL_f": 0.8825649391004897,
    "rougeL_p": 0.8930371801401213,
    "rougeL_r": 0.8747132357666413,
    "avg_inference_time": 0.7565398359298706,
    "total_inference_time": 37.82699179649353,
    "successful_transcriptions": 50,
    "failed_transcriptions": 0,
    "success_rate": 100.0
  },
  "wav2vec2:wasertech-cv9": {
    "wer": 38.787287712287714,
    "cer": 10.36083675772588,
    "mer": 37.60575813075813,
    "wil": 54.7474143828015,
    "bleu": 38.34960076375472,
    "bleu_1": 65.26204906204906,
    "bleu_2": 47.166233766233766,
    "bleu_3": 33.13649961149961,
    "bleu_4": 22.53410894660895,
    "rouge1_f": 0.7075705972828829,
    "rouge1_p": 0.7197818651077165,
    "rouge1_r": 0.699249183564973,
    "rouge2_f": 0.5454232943656617,
    "rouge2_p": 0.5531278166278166,
    "rouge2_r": 0.5406319938231703,
    "rougeL_f": 0.7065949875267852,
    "rougeL_p": 0.718729233528769,
    "rougeL_r": 0.698340092655882,
    "avg_inference_time": 0.7402118682861328,
    "total_inference_time": 37.01059341430664,
    "successful_transcriptions": 50,
    "failed_transcriptions": 0,
    "success_rate": 100.0
  }
}