{
  "whisper:base": {
    "wer": 25.62770562770563,
    "cer": 10.03505607517419,
    "mer": 20.072150072150073,
    "wil": 30.096168862402624,
    "bleu": 58.90553702936594,
    "bleu_1": 79.92784992784993,
    "bleu_2": 65.42307692307693,
    "bleu_3": 53.76190476190477,
    "bleu_4": 48.560606060606055,
    "rouge1_f": 0.8328092959671908,
    "rouge1_p": 0.8212662337662338,
    "rouge1_r": 0.8511459129106189,
    "rouge2_f": 0.6983301707779888,
    "rouge2_p": 0.6933333333333332,
    "rouge2_r": 0.7082142857142857,
    "rougeL_f": 0.8328092959671908,
    "rougeL_p": 0.8212662337662338,
    "rougeL_r": 0.8511459129106189,
    "avg_inference_time": 0.17295513153076172,
    "total_inference_time": 0.8647756576538086,
    "successful_transcriptions": 5,
    "failed_transcriptions": 0,
    "success_rate": 100.0
  },
  "wav2vec2:xlsr-53-french": {
    "wer": 8.96103896103896,
    "cer": 3.0198681397006415,
    "mer": 8.96103896103896,
    "wil": 16.43025805363468,
    "bleu": 73.95192328501925,
    "bleu_1": 91.03896103896103,
    "bleu_2": 81.64102564102565,
    "bleu_3": 71.33333333333334,
    "bleu_4": 62.27272727272727,
    "rouge1_f": 0.9179526355996943,
    "rouge1_p": 0.9179526355996943,
    "rouge1_r": 0.9179526355996943,
    "rouge2_f": 0.8308333333333333,
    "rouge2_p": 0.8308333333333333,
    "rouge2_r": 0.8308333333333333,
    "rougeL_f": 0.9179526355996943,
    "rougeL_p": 0.9179526355996943,
    "rougeL_r": 0.9179526355996943,
    "avg_inference_time": 0.03198099136352539,
    "total_inference_time": 0.15990495681762695,
    "successful_transcriptions": 5,
    "failed_transcriptions": 0,
    "success_rate": 100.0
  }
}