{
  "tiny": {
    "wer": 42.42748917748917,
    "cer": 15.252114087021015,
    "mer": 37.412581699346404,
    "wil": 52.179235626360104,
    "bleu": 43.67486487053852,
    "bleu_1": 64.01598972922503,
    "bleu_2": 49.84468771968771,
    "bleu_3": 40.75381562881562,
    "bleu_4": 33.796735671735675,
    "rouge1_f": 0.7168837200352064,
    "rouge1_p": 0.7115891504436398,
    "rouge1_r": 0.7253590958118822,
    "rouge2_f": 0.5722308385886001,
    "rouge2_p": 0.5667521367521366,
    "rouge2_r": 0.5804924242424242,
    "rougeL_f": 0.7147331824007979,
    "rougeL_p": 0.7095058171103065,
    "rougeL_r": 0.7231368735896598,
    "avg_inference_time": 0.1481747547785441,
    "total_inference_time": 4.445242643356323,
    "successful_transcriptions": 30,
    "failed_transcriptions": 0,
    "success_rate": 100.0
  },
  "base": {
    "wer": 27.901015651015648,
    "cer": 8.851243859146562,
    "mer": 25.645657447128034,
    "wil": 38.9193099064518,
    "bleu": 55.931088983352986,
    "bleu_1": 74.53489810842751,
    "bleu_2": 60.4753256003256,
    "bleu_3": 52.211741961741964,
    "bleu_4": 44.08842546342546,
    "rouge1_f": 0.8061933101856444,
    "rouge1_p": 0.7979147460726409,
    "rouge1_r": 0.8169649830447046,
    "rouge2_f": 0.6640875729897027,
    "rouge2_p": 0.658707695812959,
    "rouge2_r": 0.6714616402116401,
    "rougeL_f": 0.8061933101856444,
    "rougeL_p": 0.7979147460726409,
    "rougeL_r": 0.8169649830447046,
    "avg_inference_time": 0.2019628842671712,
    "total_inference_time": 6.058886528015137,
    "successful_transcriptions": 30,
    "failed_transcriptions": 0,
    "success_rate": 100.0
  },
  "small": {
    "wer": 11.692039442039441,
    "cer": 3.1945388995660022,
    "mer": 11.212121212121213,
    "wil": 18.328707324872095,
    "bleu": 79.97082804981807,
    "bleu_1": 88.96843434343435,
    "bleu_2": 82.42368742368743,
    "bleu_3": 78.1531339031339,
    "bleu_4": 73.05694305694306,
    "rouge1_f": 0.9184983695981139,
    "rouge1_p": 0.9114211797261333,
    "rouge1_r": 0.9269453164654404,
    "rouge2_f": 0.8552907060260002,
    "rouge2_p": 0.8491070367540955,
    "rouge2_r": 0.8628174603174603,
    "rougeL_f": 0.9184983695981139,
    "rougeL_p": 0.9114211797261333,
    "rougeL_r": 0.9269453164654404,
    "avg_inference_time": 0.28386321862538655,
    "total_inference_time": 8.515896558761597,
    "successful_transcriptions": 30,
    "failed_transcriptions": 0,
    "success_rate": 100.0
  },
  "medium": {
    "wer": 6.33994708994709,
    "cer": 2.2072036144111857,
    "mer": 6.1230158730158735,
    "wil": 10.212881472033256,
    "bleu": 87.17969113132911,
    "bleu_1": 94.05753968253968,
    "bleu_2": 89.8042328042328,
    "bleu_3": 86.30036630036629,
    "bleu_4": 79.10470085470085,
    "rouge1_f": 0.9555452530452532,
    "rouge1_p": 0.9540343915343915,
    "rouge1_r": 0.9574537241797305,
    "rouge2_f": 0.9176984126984126,
    "rouge2_p": 0.9165508021390373,
    "rouge2_r": 0.9192171717171717,
    "rougeL_f": 0.9555452530452532,
    "rougeL_p": 0.9540343915343915,
    "rougeL_r": 0.9574537241797305,
    "avg_inference_time": 0.45432467460632325,
    "total_inference_time": 13.629740238189697,
    "successful_transcriptions": 30,
    "failed_transcriptions": 0,
    "success_rate": 100.0
  },
  "large": {
    "wer": 5.951719576719577,
    "cer": 1.6689268617681492,
    "mer": 5.951719576719577,
    "wil": 9.515655575501805,
    "bleu": 88.85958851783516,
    "bleu_1": 94.90542328042328,
    "bleu_2": 92.11039886039887,
    "bleu_3": 88.76984126984128,
    "bleu_4": 82.05780330780331,
    "rouge1_f": 0.9582370519870521,
    "rouge1_p": 0.9607473544973545,
    "rouge1_r": 0.9568682121971597,
    "rouge2_f": 0.9355266955266954,
    "rouge2_p": 0.938544266191325,
    "rouge2_r": 0.9339393939393938,
    "rougeL_f": 0.9582370519870521,
    "rougeL_p": 0.9607473544973545,
    "rougeL_r": 0.9568682121971597,
    "avg_inference_time": 0.6561548471450805,
    "total_inference_time": 19.684645414352417,
    "successful_transcriptions": 30,
    "failed_transcriptions": 0,
    "success_rate": 100.0
  },
  "large-v3": {
    "wer": 4.762566137566138,
    "cer": 1.3131368184781063,
    "mer": 4.577380952380952,
    "wil": 7.691622968631895,
    "bleu": 91.03765971263745,
    "bleu_1": 95.42261904761905,
    "bleu_2": 92.62962962962963,
    "bleu_3": 90.25396825396825,
    "bleu_4": 84.2948717948718,
    "rouge1_f": 0.9660774905340123,
    "rouge1_p": 0.9649216524216524,
    "rouge1_r": 0.9678801169590644,
    "rouge2_f": 0.9415584415584415,
    "rouge2_p": 0.9408674985145572,
    "rouge2_r": 0.9428282828282827,
    "rougeL_f": 0.9660774905340123,
    "rougeL_p": 0.9649216524216524,
    "rougeL_r": 0.9678801169590644,
    "avg_inference_time": 0.6843733072280884,
    "total_inference_time": 20.53119921684265,
    "successful_transcriptions": 30,
    "failed_transcriptions": 0,
    "success_rate": 100.0
  }
}